"kind","name","file","line","refs"
"qml_function","stateName",".\ui_qml\RobotUI\components\RobotSimPanel.qml","50",
"qml_function","bitOf",".\ui_qml\RobotUI\components\RobotSimPanel.qml","58",
"qml_function","bitLabel",".\ui_qml\RobotUI\components\RobotSimPanel.qml","67",
"qml_function","refreshHighBits",".\ui_qml\RobotUI\components\RobotSimPanel.qml","77",
"qml_function","inPos",".\ui_qml\RobotUI\components\RobotSimPanel.qml","106",
"qml_function","outPos",".\ui_qml\RobotUI\components\RobotSimPanel.qml","107",
"qml_function","hasComm",".\ui_qml\RobotUI\components\RobotSimPanel.qml","109",
"qml_function","refresh",".\ui_qml\RobotUI\components\RobotSimPanel.qml","111",
"qml_function","toggleInput",".\ui_qml\RobotUI\components\RobotSimPanel.qml","120",
"qml_function","open",".\ui_qml\RobotUI\components\RobotSimPanel.qml","126",
"qml_function","pulseInput",".\ui_qml\RobotUI\components\RobotSimPanel.qml","147",
"qml_function","onIoUpdated",".\ui_qml\RobotUI\components\RobotSimPanel.qml","158",
"qml_function","onStateChanged",".\ui_qml\RobotUI\components\RobotSimPanel.qml","159",
"qml_function","_robotState",".\ui_qml\RobotUI\components\SideBar.qml","74",
"qml_function","_stateColor",".\ui_qml\RobotUI\components\SideBar.qml","83",
"qml_function","_bit",".\ui_qml\RobotUI\components\SideBar.qml","94",
"qml_function","_getInputs",".\ui_qml\RobotUI\components\SideBar.qml","102",
"qml_function","_getOutputs",".\ui_qml\RobotUI\components\SideBar.qml","107",
"qml_function","_readInWord",".\ui_qml\RobotUI\components\SideBar.qml","112",
"qml_function","_readOutWord",".\ui_qml\RobotUI\components\SideBar.qml","118",
"qml_function","_writeOutputsWord",".\ui_qml\RobotUI\components\SideBar.qml","124",
"qml_function","_writeCmdWordAll",".\ui_qml\RobotUI\components\SideBar.qml","129",
"qml_function","_setBit",".\ui_qml\RobotUI\components\SideBar.qml","142",
"qml_function","_setCmdBitAll",".\ui_qml\RobotUI\components\SideBar.qml","148",
"qml_function","_pulseCmdBit",".\ui_qml\RobotUI\components\SideBar.qml","155",
"qml_function","_anyRobotBitOn",".\ui_qml\RobotUI\components\SideBar.qml","181",
"qml_function","_robotBitOn",".\ui_qml\RobotUI\components\SideBar.qml","189",
"qml_function","anyFault",".\ui_qml\RobotUI\components\SideBar.qml","194",
"qml_function","anyTPEN",".\ui_qml\RobotUI\components\SideBar.qml","195",
"qml_function","autoEnabled",".\ui_qml\RobotUI\components\SideBar.qml","196",
"qml_function","onIoUpdated",".\ui_qml\RobotUI\components\SideBar.qml","294",
"qml_function","pressAuto",".\ui_qml\RobotUI\components\SideBar.qml","312",
"qml_function","pressManual",".\ui_qml\RobotUI\components\SideBar.qml","328",
"qml_function","pressStart",".\ui_qml\RobotUI\components\SideBar.qml","344",
"qml_function","pressHold",".\ui_qml\RobotUI\components\SideBar.qml","358",
"qml_function","pressStop",".\ui_qml\RobotUI\components\SideBar.qml","367",
"qml_function","pressReset",".\ui_qml\RobotUI\components\SideBar.qml","375",
"qml_function","pressImstp",".\ui_qml\RobotUI\components\SideBar.qml","390",
"qml_function","stopButtonColor",".\ui_qml\RobotUI\components\SideBar.qml","412",
"qml_function","tick",".\ui_qml\RobotUI\Main.qml","58",
"qml_function","loadAlarmCatalog",".\ui_qml\RobotUI\screens\CellStatusScreen.qml","55",
"qml_function","alarmLevel",".\ui_qml\RobotUI\screens\CellStatusScreen.qml","96",
"qml_function","rebuildAlarms",".\ui_qml\RobotUI\screens\CellStatusScreen.qml","106",
"qml_function","norm360",".\ui_qml\RobotUI\screens\CellStatusScreen.qml","135",
"qml_function","stateLabel",".\ui_qml\RobotUI\screens\CellStatusScreen.qml","142",
"qml_function","stateColor",".\ui_qml\RobotUI\screens\CellStatusScreen.qml","158",
"qml_function","readSpeedPctFromWords",".\ui_qml\RobotUI\screens\CellStatusScreen.qml","192",
"qml_function","readPosDegFromWords",".\ui_qml\RobotUI\screens\CellStatusScreen.qml","208",
"qml_function","onInWordsChanged",".\ui_qml\RobotUI\screens\CellStatusScreen.qml","237",
"qml_function","getBit",".\ui_qml\RobotUI\screens\CellStatusScreen.qml","261",
"qml_function","quadrantMin",".\ui_qml\RobotUI\screens\CellStatusScreen.qml","295",
"qml_function","quadrantMax",".\ui_qml\RobotUI\screens\CellStatusScreen.qml","299",
"qml_function","clampToQuadrant",".\ui_qml\RobotUI\screens\CellStatusScreen.qml","305",
"qml_function","readCurrentPos",".\ui_qml\RobotUI\screens\CellStatusScreen.qml","327",
"qml_function","writeDesiredPos",".\ui_qml\RobotUI\screens\CellStatusScreen.qml","333",
"qml_function","setOutputBit",".\ui_qml\RobotUI\screens\CellStatusScreen.qml","342",
"qml_function","openCStop",".\ui_qml\RobotUI\screens\CellStatusScreen.qml","355",
"qml_function","onInWordsChanged",".\ui_qml\RobotUI\screens\CellStatusScreen.qml","1181",
"qml_function","refreshRobotData",".\ui_qml\RobotUI\screens\CellStatusScreen_4.qml","43",
"qml_function","wordsFor",".\ui_qml\RobotUI\screens\CellStatusScreen_4.qml","56",
"qml_function","connStateFor",".\ui_qml\RobotUI\screens\CellStatusScreen_4.qml","64",
"qml_function","robotPos",".\ui_qml\RobotUI\screens\CellStatusScreen_4.qml","73",
"qml_function","readPassNumberValue",".\ui_qml\RobotUI\screens\CellStatusScreen_4.qml","81",
"qml_function","robotPassNum",".\ui_qml\RobotUI\screens\CellStatusScreen_4.qml","86",
"qml_function","robotStatus",".\ui_qml\RobotUI\screens\CellStatusScreen_4.qml","100",
"qml_function","norm360",".\ui_qml\RobotUI\screens\CellStatusScreen_4.qml","121",
"qml_function","stateLabel",".\ui_qml\RobotUI\screens\CellStatusScreen_4.qml","127",
"qml_function","stateColor",".\ui_qml\RobotUI\screens\CellStatusScreen_4.qml","141",
"qml_function","loadAlarmCatalog",".\ui_qml\RobotUI\screens\CellStatusScreen_4.qml","184",
"qml_function","alarmLevel",".\ui_qml\RobotUI\screens\CellStatusScreen_4.qml","204",
"qml_function","rebuildAlarms",".\ui_qml\RobotUI\screens\CellStatusScreen_4.qml","210",
"qml_function","onStateChanged",".\ui_qml\RobotUI\screens\CellStatusScreen_4.qml","237",
"qml_function","onIoUpdated",".\ui_qml\RobotUI\screens\CellStatusScreen_4.qml","245",
"qml_function","getBit",".\ui_qml\RobotUI\screens\CellStatusScreen_4.qml","323",
"qml_function","quadrantMin",".\ui_qml\RobotUI\screens\CellStatusScreen_4.qml","335",
"qml_function","quadrantMax",".\ui_qml\RobotUI\screens\CellStatusScreen_4.qml","339",
"qml_function","clampToQuadrant",".\ui_qml\RobotUI\screens\CellStatusScreen_4.qml","344",
"qml_function","readCurrentPos",".\ui_qml\RobotUI\screens\CellStatusScreen_4.qml","362",
"qml_function","writeDesiredPos",".\ui_qml\RobotUI\screens\CellStatusScreen_4.qml","368",
"qml_function","setOutputBit",".\ui_qml\RobotUI\screens\CellStatusScreen_4.qml","377",
"qml_function","clampMm",".\ui_qml\RobotUI\screens\CellStatusScreen_4.qml","391",
"qml_function","to16",".\ui_qml\RobotUI\screens\CellStatusScreen_4.qml","399",
"qml_function","writeVertOffset",".\ui_qml\RobotUI\screens\CellStatusScreen_4.qml","406",
"qml_function","writeHorizOffset",".\ui_qml\RobotUI\screens\CellStatusScreen_4.qml","412",
"qml_function","openCStop",".\ui_qml\RobotUI\screens\CellStatusScreen_4.qml","418",
"qml_function","closeCStop",".\ui_qml\RobotUI\screens\CellStatusScreen_4.qml","461",
"qml_function","_defaultOutNames",".\ui_qml\RobotUI\screens\RobotCommScreen.qml","61",
"qml_function","_defaultInNames",".\ui_qml\RobotUI\screens\RobotCommScreen.qml","66",
"qml_function","_ioFileUrlForRobot",".\ui_qml\RobotUI\screens\RobotCommScreen.qml","72",
"qml_function","loadIoNames",".\ui_qml\RobotUI\screens\RobotCommScreen.qml","79",
"qml_function","bitFromWords",".\ui_qml\RobotUI\screens\RobotCommScreen.qml","119",
"qml_function","refresh",".\ui_qml\RobotUI\screens\RobotCommScreen.qml","128",
"qml_function","onIoUpdated",".\ui_qml\RobotUI\screens\RobotCommScreen.qml","144",
"qml_function","onStateChanged",".\ui_qml\RobotUI\screens\RobotCommScreen.qml","145",
"qml_function","onFaulted",".\ui_qml\RobotUI\screens\RobotCommScreen.qml","146",
"qml_function","onConfigChanged",".\ui_qml\RobotUI\screens\RobotCommScreen.qml","147",
"qml_function","onLogUpdated",".\ui_qml\RobotUI\screens\RobotCommScreen.qml","148",
"qml_function","loadUsers",".\ui_qml\RobotUI\screens\SplashAdminScreen.qml","48",
"qml_function","onUsersChanged",".\ui_qml\RobotUI\screens\SplashAdminScreen.qml","78",
"qml_function","onValueChanged",".\ui_qml\RobotUI\screens\test.qml","156",
"qml_function","inputBitHigh",".\ui_qml\RobotUI\screens\WeldingScreen.qml","54",
"qml_function","setOutputBit",".\ui_qml\RobotUI\screens\WeldingScreen.qml","64",
"qml_function","pulseOutputBitAllConnected",".\ui_qml\RobotUI\screens\WeldingScreen.qml","77",
"qml_function","onDataChanged",".\ui_qml\RobotUI\screens\WeldingScreen.qml","123",
"qml_function","getCurrentDate",".\ui_qml\RobotUI\screens\WeldingScreen.qml","145",
"qml_function","onInWordsChanged",".\ui_qml\RobotUI\screens\WeldingScreen.qml","1296",
"qml_function","generateAlertKeys",".\ui_qml\RobotUI\screens\WeldingScreen.qml","1349",
"qml_function","_alarmCatalogUrl",".\ui_qml\RobotUI\screens\WeldingScreen.qml","1359",
"qml_function","loadAlarmCatalog",".\ui_qml\RobotUI\screens\WeldingScreen.qml","1363",
"qml_function","_bitFromWords",".\ui_qml\RobotUI\screens\WeldingScreen.qml","1394",
"qml_function","_ioKeyToBit1",".\ui_qml\RobotUI\screens\WeldingScreen.qml","1403",
"qml_function","_isAlertActiveForKey",".\ui_qml\RobotUI\screens\WeldingScreen.qml","1412",
"qml_function","_alertLabelForKey",".\ui_qml\RobotUI\screens\WeldingScreen.qml","1419",
"qml_function","_indexOfAlertKey",".\ui_qml\RobotUI\screens\WeldingScreen.qml","1430",
"qml_function","refreshAlerts",".\ui_qml\RobotUI\screens\WeldingScreen.qml","1437",
"qml_function","acknowledgeAlert",".\ui_qml\RobotUI\screens\WeldingScreen.qml","1467",
"qml_function","feedDataToPlot",".\ui_qml\RobotUI\screens\WeldingScreen.qml","1898",
"qml_function","onError",".\ui_qml\RobotUI\screens\WeldingScreen.qml","2037",
"qml_function","onLaunched",".\ui_qml\RobotUI\screens\WeldingScreen.qml","2043",
"qml_function","onIndeterminateChanged",".venv\Lib\site-packages\PySide6\qml\Qt\labs\StyleKit\ProgressBar.qml","76",
"qml_function","onActiveChanged",".venv\Lib\site-packages\PySide6\qml\Qt\labs\StyleKit\ScrollIndicator.qml","48",
"qml_function","createThemeInsideStyle",".venv\Lib\site-packages\PySide6\qml\Qt\labs\StyleKit\Style.qml","20",
"qml_function","__animateIndicators",".venv\Lib\site-packages\PySide6\qml\Qt\labs\StyleKit\StyleAnimation.qml","50",
"qml_function","__animateHandles",".venv\Lib\site-packages\PySide6\qml\Qt\labs\StyleKit\StyleAnimation.qml","61",
"qml_function","buildFragmentShader",".venv\Lib\site-packages\PySide6\qml\Qt5Compat\GraphicalEffects\Blend.qml","280",
"qml_function","buildFragmentShader",".venv\Lib\site-packages\PySide6\qml\Qt5Compat\GraphicalEffects\DirectionalBlur.qml","234",
"qml_function","weight",".venv\Lib\site-packages\PySide6\qml\Qt5Compat\GraphicalEffects\FastBlur.qml","315",
"qml_function","calculateWeights",".venv\Lib\site-packages\PySide6\qml\Qt5Compat\GraphicalEffects\FastBlur.qml","324",
"qml_function","upateSources",".venv\Lib\site-packages\PySide6\qml\Qt5Compat\GraphicalEffects\FastBlur.qml","344",
"qml_function","_rebuildShaders",".venv\Lib\site-packages\PySide6\qml\Qt5Compat\GraphicalEffects\GaussianBlur.qml","267",
"qml_function","weight",".venv\Lib\site-packages\PySide6\qml\Qt5Compat\GraphicalEffects\private\FastGlow.qml","207",
"qml_function","calculateWeights",".venv\Lib\site-packages\PySide6\qml\Qt5Compat\GraphicalEffects\private\FastGlow.qml","216",
"qml_function","upateSources",".venv\Lib\site-packages\PySide6\qml\Qt5Compat\GraphicalEffects\private\FastGlow.qml","236",
"qml_function","weight",".venv\Lib\site-packages\PySide6\qml\Qt5Compat\GraphicalEffects\private\FastInnerShadow.qml","211",
"qml_function","calculateWeights",".venv\Lib\site-packages\PySide6\qml\Qt5Compat\GraphicalEffects\private\FastInnerShadow.qml","220",
"qml_function","upateSources",".venv\Lib\site-packages\PySide6\qml\Qt5Compat\GraphicalEffects\private\FastInnerShadow.qml","240",
"qml_function","gausFunc",".venv\Lib\site-packages\PySide6\qml\Qt5Compat\GraphicalEffects\private\GaussianDirectionalBlur.qml","78",
"qml_function","updateGaussianWeights",".venv\Lib\site-packages\PySide6\qml\Qt5Compat\GraphicalEffects\private\GaussianDirectionalBlur.qml","83",
"qml_function","buildFragmentShader",".venv\Lib\site-packages\PySide6\qml\Qt5Compat\GraphicalEffects\private\GaussianDirectionalBlur.qml","101",
"qml_function","buildFragmentShader",".venv\Lib\site-packages\PySide6\qml\Qt5Compat\GraphicalEffects\RadialBlur.qml","258",
"qml_function","clampedCornerRadius",".venv\Lib\site-packages\PySide6\qml\Qt5Compat\GraphicalEffects\RectangularGlow.qml","217",
"qml_function","reset",".venv\Lib\site-packages\PySide6\qml\Qt5Compat\GraphicalEffects\RecursiveBlur.qml","208",
"qml_function","nextFrame",".venv\Lib\site-packages\PySide6\qml\Qt5Compat\GraphicalEffects\RecursiveBlur.qml","213",
"qml_function","buildFragmentShader",".venv\Lib\site-packages\PySide6\qml\Qt5Compat\GraphicalEffects\ZoomBlur.qml","247",
"qml_function","checkValue",".venv\Lib\site-packages\PySide6\qml\QtDataVisualization\designer\Bars3DSpecifics.qml","143",
"qml_function","composeSelectionMode",".venv\Lib\site-packages\PySide6\qml\QtDataVisualization\designer\Bars3DSpecifics.qml","157",
"qml_function","evaluate",".venv\Lib\site-packages\PySide6\qml\QtDataVisualization\designer\Bars3DSpecifics.qml","172",
"qml_function","checkValue",".venv\Lib\site-packages\PySide6\qml\QtDataVisualization\designer\Surface3DSpecifics.qml","81",
"qml_function","composeSelectionMode",".venv\Lib\site-packages\PySide6\qml\QtDataVisualization\designer\Surface3DSpecifics.qml","95",
"qml_function","evaluate",".venv\Lib\site-packages\PySide6\qml\QtDataVisualization\designer\Surface3DSpecifics.qml","110",
"qml_function","checkValue",".venv\Lib\site-packages\PySide6\qml\QtGraphs\designer\Bars3DSpecifics.qml","157",
"qml_function","composeSelectionMode",".venv\Lib\site-packages\PySide6\qml\QtGraphs\designer\Bars3DSpecifics.qml","171",
"qml_function","evaluate",".venv\Lib\site-packages\PySide6\qml\QtGraphs\designer\Bars3DSpecifics.qml","186",
"qml_function","checkValue",".venv\Lib\site-packages\PySide6\qml\QtGraphs\designer\Surface3DSpecifics.qml","80",
"qml_function","composeSelectionMode",".venv\Lib\site-packages\PySide6\qml\QtGraphs\designer\Surface3DSpecifics.qml","94",
"qml_function","evaluate",".venv\Lib\site-packages\PySide6\qml\QtGraphs\designer\Surface3DSpecifics.qml","109",
"qml_function","resetPinchMinMax",".venv\Lib\site-packages\PySide6\qml\QtLocation\MapView.qml","72",
"qml_function","restart",".venv\Lib\site-packages\PySide6\qml\QtLocation\MapView.qml","157",
"qml_function","play",".venv\Lib\site-packages\PySide6\qml\QtMultimedia\Video.qml","373",
"qml_function","pause",".venv\Lib\site-packages\PySide6\qml\QtMultimedia\Video.qml","382",
"qml_function","stop",".venv\Lib\site-packages\PySide6\qml\QtMultimedia\Video.qml","391",
"qml_function","seek",".venv\Lib\site-packages\PySide6\qml\QtMultimedia\Video.qml","403",
"qml_function","clearOutput",".venv\Lib\site-packages\PySide6\qml\QtMultimedia\Video.qml","416",
"qml_function","moveToItem",".venv\Lib\site-packages\PySide6\qml\QtQuick\Controls\FluentWinUI3\FocusFrame.qml","18",
"qml_function","moveToItem",".venv\Lib\site-packages\PySide6\qml\QtQuick\Controls\FluentWinUI3\impl\FocusFrame.qml","11",
"qml_function","onCursorPositionChanged",".venv\Lib\site-packages\PySide6\qml\QtQuick\Controls\Material\impl\CursorDelegate.qml","17",
"qml_function","clampedCornerRadius",".venv\Lib\site-packages\PySide6\qml\QtQuick\Controls\Material\impl\RectangularGlow.qml","194",
"qml_function","roundedShadows",".venv\Lib\site-packages\PySide6\qml\QtQuick\Controls\Material\impl\RoundedElevationEffect.qml","13",
"qml_function","moveToItem",".venv\Lib\site-packages\PySide6\qml\QtQuick\NativeStyle\util\WindowsFocusFrame.qml","17",
"qml_function","withAlpha",".venv\Lib\site-packages\PySide6\qml\QtQuick\Pdf\+Material\PdfStyle.qml","8",
"qml_function","withAlpha",".venv\Lib\site-packages\PySide6\qml\QtQuick\Pdf\+Universal\PdfStyle.qml","8",
"qml_function","selectAll",".venv\Lib\site-packages\PySide6\qml\QtQuick\Pdf\PdfMultiPageView.qml","60",
"qml_function","copySelectionToClipboard",".venv\Lib\site-packages\PySide6\qml\QtQuick\Pdf\PdfMultiPageView.qml","74",
"qml_function","back",".venv\Lib\site-packages\PySide6\qml\QtQuick\Pdf\PdfMultiPageView.qml","130",
"qml_function","forward",".venv\Lib\site-packages\PySide6\qml\QtQuick\Pdf\PdfMultiPageView.qml","141",
"qml_function","goToPage",".venv\Lib\site-packages\PySide6\qml\QtQuick\Pdf\PdfMultiPageView.qml","150",
"qml_function","goToLocation",".venv\Lib\site-packages\PySide6\qml\QtQuick\Pdf\PdfMultiPageView.qml","164",
"qml_function","resetScale",".venv\Lib\site-packages\PySide6\qml\QtQuick\Pdf\PdfMultiPageView.qml","214",
"qml_function","scaleToWidth",".venv\Lib\site-packages\PySide6\qml\QtQuick\Pdf\PdfMultiPageView.qml","224",
"qml_function","scaleToPage",".venv\Lib\site-packages\PySide6\qml\QtQuick\Pdf\PdfMultiPageView.qml","236",
"qml_function","searchBack",".venv\Lib\site-packages\PySide6\qml\QtQuick\Pdf\PdfMultiPageView.qml","285",
"qml_function","searchForward",".venv\Lib\site-packages\PySide6\qml\QtQuick\Pdf\PdfMultiPageView.qml","294",
"qml_function","update",".venv\Lib\site-packages\PySide6\qml\QtQuick\Pdf\PdfMultiPageView.qml","387",
"qml_function","onCurrentPageBoundingPolygonsChanged",".venv\Lib\site-packages\PySide6\qml\QtQuick\Pdf\PdfMultiPageView.qml","397",
"qml_function","selectAll",".venv\Lib\site-packages\PySide6\qml\QtQuick\Pdf\PdfPageView.qml","61",
"qml_function","copySelectionToClipboard",".venv\Lib\site-packages\PySide6\qml\QtQuick\Pdf\PdfPageView.qml","73",
"qml_function","back",".venv\Lib\site-packages\PySide6\qml\QtQuick\Pdf\PdfPageView.qml","126",
"qml_function","forward",".venv\Lib\site-packages\PySide6\qml\QtQuick\Pdf\PdfPageView.qml","137",
"qml_function","goToPage",".venv\Lib\site-packages\PySide6\qml\QtQuick\Pdf\PdfPageView.qml","146",
"qml_function","goToLocation",".venv\Lib\site-packages\PySide6\qml\QtQuick\Pdf\PdfPageView.qml","156",
"qml_function","resetScale",".venv\Lib\site-packages\PySide6\qml\QtQuick\Pdf\PdfPageView.qml","197",
"qml_function","scaleToWidth",".venv\Lib\site-packages\PySide6\qml\QtQuick\Pdf\PdfPageView.qml","211",
"qml_function","scaleToPage",".venv\Lib\site-packages\PySide6\qml\QtQuick\Pdf\PdfPageView.qml","228",
"qml_function","searchBack",".venv\Lib\site-packages\PySide6\qml\QtQuick\Pdf\PdfPageView.qml","284",
"qml_function","searchForward",".venv\Lib\site-packages\PySide6\qml\QtQuick\Pdf\PdfPageView.qml","293",
"qml_function","reRenderIfNecessary",".venv\Lib\site-packages\PySide6\qml\QtQuick\Pdf\PdfPageView.qml","338",
"qml_function","selectAll",".venv\Lib\site-packages\PySide6\qml\QtQuick\Pdf\PdfScrollablePageView.qml","64",
"qml_function","copySelectionToClipboard",".venv\Lib\site-packages\PySide6\qml\QtQuick\Pdf\PdfScrollablePageView.qml","76",
"qml_function","back",".venv\Lib\site-packages\PySide6\qml\QtQuick\Pdf\PdfScrollablePageView.qml","129",
"qml_function","forward",".venv\Lib\site-packages\PySide6\qml\QtQuick\Pdf\PdfScrollablePageView.qml","140",
"qml_function","goToPage",".venv\Lib\site-packages\PySide6\qml\QtQuick\Pdf\PdfScrollablePageView.qml","149",
"qml_function","goToLocation",".venv\Lib\site-packages\PySide6\qml\QtQuick\Pdf\PdfScrollablePageView.qml","163",
"qml_function","resetScale",".venv\Lib\site-packages\PySide6\qml\QtQuick\Pdf\PdfScrollablePageView.qml","204",
"qml_function","scaleToWidth",".venv\Lib\site-packages\PySide6\qml\QtQuick\Pdf\PdfScrollablePageView.qml","217",
"qml_function","scaleToPage",".venv\Lib\site-packages\PySide6\qml\QtQuick\Pdf\PdfScrollablePageView.qml","233",
"qml_function","searchBack",".venv\Lib\site-packages\PySide6\qml\QtQuick\Pdf\PdfScrollablePageView.qml","273",
"qml_function","searchForward",".venv\Lib\site-packages\PySide6\qml\QtQuick\Pdf\PdfScrollablePageView.qml","282",
"qml_function","withAlpha",".venv\Lib\site-packages\PySide6\qml\QtQuick\Pdf\PdfStyle.qml","28",
"qml_function","open",".venv\Lib\site-packages\PySide6\qml\QtQuick\VirtualKeyboard\Components\AlternativeKeys.qml","68",
"qml_function","move",".venv\Lib\site-packages\PySide6\qml\QtQuick\VirtualKeyboard\Components\AlternativeKeys.qml","96",
"qml_function","close",".venv\Lib\site-packages\PySide6\qml\QtQuick\VirtualKeyboard\Components\AlternativeKeys.qml","103",
"qml_function","__angle",".venv\Lib\site-packages\PySide6\qml\QtQuick\VirtualKeyboard\Components\FlickKey.qml","54",
"qml_function","__distance",".venv\Lib\site-packages\PySide6\qml\QtQuick\VirtualKeyboard\Components\FlickKey.qml","62",
"qml_function","press",".venv\Lib\site-packages\PySide6\qml\QtQuick\VirtualKeyboard\Components\FlickKey.qml","70",
"qml_function","update",".venv\Lib\site-packages\PySide6\qml\QtQuick\VirtualKeyboard\Components\FlickKey.qml","74",
"qml_function","open",".venv\Lib\site-packages\PySide6\qml\QtQuick\VirtualKeyboard\Components\FunctionPopupList.qml","74",
"qml_function","move",".venv\Lib\site-packages\PySide6\qml\QtQuick\VirtualKeyboard\Components\FunctionPopupList.qml","98",
"qml_function","close",".venv\Lib\site-packages\PySide6\qml\QtQuick\VirtualKeyboard\Components\FunctionPopupList.qml","106",
"qml_function","__nextInputMode",".venv\Lib\site-packages\PySide6\qml\QtQuick\VirtualKeyboard\Components\InputModeKey.qml","88",
"qml_function","__filterInputModes",".venv\Lib\site-packages\PySide6\qml\QtQuick\VirtualKeyboard\Components\InputModeKey.qml","97",
"qml_function","initDefaultInputMethod",".venv\Lib\site-packages\PySide6\qml\QtQuick\VirtualKeyboard\Components\Keyboard.qml","70",
"qml_function","onLocaleChanged",".venv\Lib\site-packages\PySide6\qml\QtQuick\VirtualKeyboard\Components\Keyboard.qml","94",
"qml_function","onActiveLocalesChanged",".venv\Lib\site-packages\PySide6\qml\QtQuick\VirtualKeyboard\Components\Keyboard.qml","98",
"qml_function","onDefaultInputMethodDisabledChanged",".venv\Lib\site-packages\PySide6\qml\QtQuick\VirtualKeyboard\Components\Keyboard.qml","103",
"qml_function","onArrowKeyNavigationEnabledChanged",".venv\Lib\site-packages\PySide6\qml\QtQuick\VirtualKeyboard\Components\Keyboard.qml","106",
"qml_function","onInputMethodHintsChanged",".venv\Lib\site-packages\PySide6\qml\QtQuick\VirtualKeyboard\Components\Keyboard.qml","145",
"qml_function","onInputItemChanged",".venv\Lib\site-packages\PySide6\qml\QtQuick\VirtualKeyboard\Components\Keyboard.qml","152",
"qml_function","onFocusChanged",".venv\Lib\site-packages\PySide6\qml\QtQuick\VirtualKeyboard\Components\Keyboard.qml","157",
"qml_function","onNavigationKeyPressed",".venv\Lib\site-packages\PySide6\qml\QtQuick\VirtualKeyboard\Components\Keyboard.qml","161",
"qml_function","onNavigationKeyReleased",".venv\Lib\site-packages\PySide6\qml\QtQuick\VirtualKeyboard\Components\Keyboard.qml","410",
"qml_function","onVirtualKeyClicked",".venv\Lib\site-packages\PySide6\qml\QtQuick\VirtualKeyboard\Components\Keyboard.qml","466",
"qml_function","onCountChanged",".venv\Lib\site-packages\PySide6\qml\QtQuick\VirtualKeyboard\Components\Keyboard.qml","486",
"qml_function","onActiveChanged",".venv\Lib\site-packages\PySide6\qml\QtQuick\VirtualKeyboard\Components\Keyboard.qml","662",
"qml_function","onActiveItemChanged",".venv\Lib\site-packages\PySide6\qml\QtQuick\VirtualKeyboard\Components\Keyboard.qml","720",
"qml_function","onItemSelected",".venv\Lib\site-packages\PySide6\qml\QtQuick\VirtualKeyboard\Components\Keyboard.qml","721",
"qml_function","onCountChanged",".venv\Lib\site-packages\PySide6\qml\QtQuick\VirtualKeyboard\Components\Keyboard.qml","722",
"qml_function","onInputItemChanged",".venv\Lib\site-packages\PySide6\qml\QtQuick\VirtualKeyboard\Components\Keyboard.qml","734",
"qml_function","onWordCandidateListVisibleHintChanged",".venv\Lib\site-packages\PySide6\qml\QtQuick\VirtualKeyboard\Components\Keyboard.qml","738",
"qml_function","longPressItem",".venv\Lib\site-packages\PySide6\qml\QtQuick\VirtualKeyboard\Components\Keyboard.qml","786",
"qml_function","onStyleNameChanged",".venv\Lib\site-packages\PySide6\qml\QtQuick\VirtualKeyboard\Components\Keyboard.qml","800",
"qml_function","play",".venv\Lib\site-packages\PySide6\qml\QtQuick\VirtualKeyboard\Components\Keyboard.qml","806",
"qml_function","register",".venv\Lib\site-packages\PySide6\qml\QtQuick\VirtualKeyboard\Components\Keyboard.qml","819",
"qml_function","scanLayout",".venv\Lib\site-packages\PySide6\qml\QtQuick\VirtualKeyboard\Components\Keyboard.qml","872",
"qml_function","onLoaded",".venv\Lib\site-packages\PySide6\qml\QtQuick\VirtualKeyboard\Components\Keyboard.qml","930",
"qml_function","onNavigationModeActiveChanged",".venv\Lib\site-packages\PySide6\qml\QtQuick\VirtualKeyboard\Components\Keyboard.qml","938",
"qml_function","press",".venv\Lib\site-packages\PySide6\qml\QtQuick\VirtualKeyboard\Components\Keyboard.qml","946",
"qml_function","release",".venv\Lib\site-packages\PySide6\qml\QtQuick\VirtualKeyboard\Components\Keyboard.qml","954",
"qml_function","click",".venv\Lib\site-packages\PySide6\qml\QtQuick\VirtualKeyboard\Components\Keyboard.qml","961",
"qml_function","setActiveKey",".venv\Lib\site-packages\PySide6\qml\QtQuick\VirtualKeyboard\Components\Keyboard.qml","968",
"qml_function","keyOnPoint",".venv\Lib\site-packages\PySide6\qml\QtQuick\VirtualKeyboard\Components\Keyboard.qml","981",
"qml_function","hitInitialKey",".venv\Lib\site-packages\PySide6\qml\QtQuick\VirtualKeyboard\Components\Keyboard.qml","994",
"qml_function","containsPoint",".venv\Lib\site-packages\PySide6\qml\QtQuick\VirtualKeyboard\Components\Keyboard.qml","1003",
"qml_function","releaseActiveKey",".venv\Lib\site-packages\PySide6\qml\QtQuick\VirtualKeyboard\Components\Keyboard.qml","1011",
"qml_function","reset",".venv\Lib\site-packages\PySide6\qml\QtQuick\VirtualKeyboard\Components\Keyboard.qml","1021",
"qml_function","nextKeyInNavigation",".venv\Lib\site-packages\PySide6\qml\QtQuick\VirtualKeyboard\Components\Keyboard.qml","1033",
"qml_function","navigateToNextKey",".venv\Lib\site-packages\PySide6\qml\QtQuick\VirtualKeyboard\Components\Keyboard.qml","1095",
"qml_function","onFlickKeyKeyChanged",".venv\Lib\site-packages\PySide6\qml\QtQuick\VirtualKeyboard\Components\Keyboard.qml","1120",
"qml_function","selectItem",".venv\Lib\site-packages\PySide6\qml\QtQuick\VirtualKeyboard\Components\Keyboard.qml","1253",
"qml_function","show",".venv\Lib\site-packages\PySide6\qml\QtQuick\VirtualKeyboard\Components\Keyboard.qml","1275",
"qml_function","hide",".venv\Lib\site-packages\PySide6\qml\QtQuick\VirtualKeyboard\Components\Keyboard.qml","1303",
"qml_function","showLanguagePopup",".venv\Lib\site-packages\PySide6\qml\QtQuick\VirtualKeyboard\Components\Keyboard.qml","1313",
"qml_function","hideLanguagePopup",".venv\Lib\site-packages\PySide6\qml\QtQuick\VirtualKeyboard\Components\Keyboard.qml","1329",
"qml_function","selectItem",".venv\Lib\site-packages\PySide6\qml\QtQuick\VirtualKeyboard\Components\Keyboard.qml","1377",
"qml_function","show",".venv\Lib\site-packages\PySide6\qml\QtQuick\VirtualKeyboard\Components\Keyboard.qml","1390",
"qml_function","hide",".venv\Lib\site-packages\PySide6\qml\QtQuick\VirtualKeyboard\Components\Keyboard.qml","1433",
"qml_function","selectCurrentItem",".venv\Lib\site-packages\PySide6\qml\QtQuick\VirtualKeyboard\Components\Keyboard.qml","1446",
"qml_function","showWordCandidateContextMenu",".venv\Lib\site-packages\PySide6\qml\QtQuick\VirtualKeyboard\Components\Keyboard.qml","1452",
"qml_function","hideWordCandidateContextMenu",".venv\Lib\site-packages\PySide6\qml\QtQuick\VirtualKeyboard\Components\Keyboard.qml","1456",
"qml_function","updateInputMethod",".venv\Lib\site-packages\PySide6\qml\QtQuick\VirtualKeyboard\Components\Keyboard.qml","1460",
"qml_function","updateLayout",".venv\Lib\site-packages\PySide6\qml\QtQuick\VirtualKeyboard\Components\Keyboard.qml","1571",
"qml_function","updateDefaultLocale",".venv\Lib\site-packages\PySide6\qml\QtQuick\VirtualKeyboard\Components\Keyboard.qml","1582",
"qml_function","filterLocaleIndices",".venv\Lib\site-packages\PySide6\qml\QtQuick\VirtualKeyboard\Components\Keyboard.qml","1609",
"qml_function","updateAvailableLocaleIndices",".venv\Lib\site-packages\PySide6\qml\QtQuick\VirtualKeyboard\Components\Keyboard.qml","1621",
"qml_function","listLocales",".venv\Lib\site-packages\PySide6\qml\QtQuick\VirtualKeyboard\Components\Keyboard.qml","1670",
"qml_function","nextLocaleIndex",".venv\Lib\site-packages\PySide6\qml\QtQuick\VirtualKeyboard\Components\Keyboard.qml","1683",
"qml_function","changeInputLanguage",".venv\Lib\site-packages\PySide6\qml\QtQuick\VirtualKeyboard\Components\Keyboard.qml","1694",
"qml_function","canChangeInputLanguage",".venv\Lib\site-packages\PySide6\qml\QtQuick\VirtualKeyboard\Components\Keyboard.qml","1700",
"qml_function","findLocale",".venv\Lib\site-packages\PySide6\qml\QtQuick\VirtualKeyboard\Components\Keyboard.qml","1706",
"qml_function","findFallbackIndex",".venv\Lib\site-packages\PySide6\qml\QtQuick\VirtualKeyboard\Components\Keyboard.qml","1721",
"qml_function","isValidLocale",".venv\Lib\site-packages\PySide6\qml\QtQuick\VirtualKeyboard\Components\Keyboard.qml","1730",
"qml_function","getLayoutFile",".venv\Lib\site-packages\PySide6\qml\QtQuick\VirtualKeyboard\Components\Keyboard.qml","1757",
"qml_function","getFallbackFile",".venv\Lib\site-packages\PySide6\qml\QtQuick\VirtualKeyboard\Components\Keyboard.qml","1763",
"qml_function","layoutExists",".venv\Lib\site-packages\PySide6\qml\QtQuick\VirtualKeyboard\Components\Keyboard.qml","1769",
"qml_function","findLayout",".venv\Lib\site-packages\PySide6\qml\QtQuick\VirtualKeyboard\Components\Keyboard.qml","1776",
"qml_function","isHandwritingAvailable",".venv\Lib\site-packages\PySide6\qml\QtQuick\VirtualKeyboard\Components\Keyboard.qml","1789",
"qml_function","setHandwritingMode",".venv\Lib\site-packages\PySide6\qml\QtQuick\VirtualKeyboard\Components\Keyboard.qml","1795",
"qml_function","notifyLayoutChanged",".venv\Lib\site-packages\PySide6\qml\QtQuick\VirtualKeyboard\Components\Keyboard.qml","1803",
"qml_function","doKeyboardFunction",".venv\Lib\site-packages\PySide6\qml\QtQuick\VirtualKeyboard\Components\Keyboard.qml","1809",
"qml_function","isKeyboardFunctionAvailable",".venv\Lib\site-packages\PySide6\qml\QtQuick\VirtualKeyboard\Components\Keyboard.qml","1837",
"qml_function","isFunctionPopupListAvailable",".venv\Lib\site-packages\PySide6\qml\QtQuick\VirtualKeyboard\Components\Keyboard.qml","1851",
"qml_function","createInputMethod",".venv\Lib\site-packages\PySide6\qml\QtQuick\VirtualKeyboard\Components\KeyboardLayout.qml","79",
"qml_function","scanLayout",".venv\Lib\site-packages\PySide6\qml\QtQuick\VirtualKeyboard\Components\KeyboardLayout.qml","126",
"qml_function","__scanLayoutRecursive",".venv\Lib\site-packages\PySide6\qml\QtQuick\VirtualKeyboard\Components\KeyboardLayout.qml","136",
"qml_function","createInputMethod",".venv\Lib\site-packages\PySide6\qml\QtQuick\VirtualKeyboard\Components\KeyboardLayoutLoader.qml","72",
"qml_function","scanLayout",".venv\Lib\site-packages\PySide6\qml\QtQuick\VirtualKeyboard\Components\KeyboardLayoutLoader.qml","110",
"qml_function","play",".venv\Lib\site-packages\PySide6\qml\QtQuick\VirtualKeyboard\Components\MultiSoundEffect.qml","39",
"qml_function","inputModes",".venv\Lib\site-packages\PySide6\qml\QtQuick\VirtualKeyboard\Components\MultitapInputMethod.qml","21",
"qml_function","setInputMode",".venv\Lib\site-packages\PySide6\qml\QtQuick\VirtualKeyboard\Components\MultitapInputMethod.qml","25",
"qml_function","setTextCase",".venv\Lib\site-packages\PySide6\qml\QtQuick\VirtualKeyboard\Components\MultitapInputMethod.qml","29",
"qml_function","reset",".venv\Lib\site-packages\PySide6\qml\QtQuick\VirtualKeyboard\Components\MultitapInputMethod.qml","33",
"qml_function","update",".venv\Lib\site-packages\PySide6\qml\QtQuick\VirtualKeyboard\Components\MultitapInputMethod.qml","39",
"qml_function","keyEvent",".venv\Lib\site-packages\PySide6\qml\QtQuick\VirtualKeyboard\Components\MultitapInputMethod.qml","48",
"qml_function","selectionLists",".venv\Lib\site-packages\PySide6\qml\QtQuick\VirtualKeyboard\Components\MultitapInputMethod.qml","81",
"qml_function","selectionListItemCount",".venv\Lib\site-packages\PySide6\qml\QtQuick\VirtualKeyboard\Components\MultitapInputMethod.qml","85",
"qml_function","selectionListData",".venv\Lib\site-packages\PySide6\qml\QtQuick\VirtualKeyboard\Components\MultitapInputMethod.qml","89",
"qml_function","selectionListItemSelected",".venv\Lib\site-packages\PySide6\qml\QtQuick\VirtualKeyboard\Components\MultitapInputMethod.qml","101",
"qml_function","onCursorRectangleChanged",".venv\Lib\site-packages\PySide6\qml\QtQuick\VirtualKeyboard\Components\SelectionControl.qml","73",
"qml_function","onAnchorRectangleChanged",".venv\Lib\site-packages\PySide6\qml\QtQuick\VirtualKeyboard\Components\SelectionControl.qml","78",
"qml_function","ensureVisible",".venv\Lib\site-packages\PySide6\qml\QtQuick\VirtualKeyboard\Components\ShadowInputControl.qml","61",
"qml_function","getAnchorPosition",".venv\Lib\site-packages\PySide6\qml\QtQuick\VirtualKeyboard\Components\ShadowInputControl.qml","99",
"qml_function","onFullScreenModeChanged",".venv\Lib\site-packages\PySide6\qml\QtQuick\VirtualKeyboard\Components\ShadowInputControl.qml","135",
"qml_function","onInputItemChanged",".venv\Lib\site-packages\PySide6\qml\QtQuick\VirtualKeyboard\Components\ShadowInputControl.qml","141",
"qml_function","__getTraceCanvas",".venv\Lib\site-packages\PySide6\qml\QtQuick\VirtualKeyboard\Components\TraceInputArea.qml","83",
"qml_function","__createTraceCanvas",".venv\Lib\site-packages\PySide6\qml\QtQuick\VirtualKeyboard\Components\TraceInputArea.qml","93",
"qml_function","__onTraceCanvasRecycled",".venv\Lib\site-packages\PySide6\qml\QtQuick\VirtualKeyboard\Components\TraceInputArea.qml","100",
"qml_function","onActiveItemChanged",".venv\Lib\site-packages\PySide6\qml\QtQuick\VirtualKeyboard\Components\WordCandidatePopupList.qml","56",
"qml_function","onItemSelected",".venv\Lib\site-packages\PySide6\qml\QtQuick\VirtualKeyboard\Components\WordCandidatePopupList.qml","57",
"qml_function","keyboardRectangle",".venv\Lib\site-packages\PySide6\qml\QtQuick\VirtualKeyboard\InputPanel.qml","128",
"qml_function","renderCustomLine",".venv\Lib\site-packages\PySide6\qml\QtQuick\VirtualKeyboard\Styles\TraceCanvas.qml","61",
"qml_function","renderSmoothedLine",".venv\Lib\site-packages\PySide6\qml\QtQuick\VirtualKeyboard\Styles\TraceCanvas.qml","112",
"qml_function","renderClear",".venv\Lib\site-packages\PySide6\qml\QtQuick\VirtualKeyboard\Styles\TraceCanvas.qml","120",
"qml_function","recycle",".venv\Lib\site-packages\PySide6\qml\QtQuick\VirtualKeyboard\Styles\TraceCanvas.qml","134",
"qml_function","onLengthChanged",".venv\Lib\site-packages\PySide6\qml\QtQuick\VirtualKeyboard\Styles\TraceCanvas.qml","180",
"qml_function","onFinalChanged",".venv\Lib\site-packages\PySide6\qml\QtQuick\VirtualKeyboard\Styles\TraceCanvas.qml","181",
"qml_function","onExpressionChanged",".venv\Lib\site-packages\PySide6\qml\QtQuick3D\designer\DefaultMaterialSection.qml","504",
"qml_function","onExpressionChanged",".venv\Lib\site-packages\PySide6\qml\QtQuick3D\designer\DefaultMaterialSection.qml","529",
"qml_function","onExpressionChanged",".venv\Lib\site-packages\PySide6\qml\QtQuick3D\designer\ModelSection.qml","48",
"qml_function","degrees_to_radians",".venv\Lib\site-packages\PySide6\qml\QtQuick3D\Effects\BrushStrokes.qml","21",
"qml_function","updateSize",".venv\Lib\site-packages\PySide6\qml\QtQuick3D\Helpers\DebugView.qml","419",
"qml_function","onWidthChanged",".venv\Lib\site-packages\PySide6\qml\QtQuick3D\Helpers\DebugView.qml","439",
"qml_function","onHeightChanged",".venv\Lib\site-packages\PySide6\qml\QtQuick3D\Helpers\DebugView.qml","440",
"qml_function","syncVisible",".venv\Lib\site-packages\PySide6\qml\QtQuick3D\Helpers\DebugView.qml","542",
"qml_function","onSelectionChanged",".venv\Lib\site-packages\PySide6\qml\QtQuick3D\Helpers\designer\ExtendedSceneEnvironmentSection.qml","966",
"qml_function","evaluateLevels",".venv\Lib\site-packages\PySide6\qml\QtQuick3D\Helpers\designer\ExtendedSceneEnvironmentSection.qml","973",
"qml_function","composeExpressionString",".venv\Lib\site-packages\PySide6\qml\QtQuick3D\Helpers\designer\ExtendedSceneEnvironmentSection.qml","985",
"qml_function","buildPasses",".venv\Lib\site-packages\PySide6\qml\QtQuick3D\Helpers\impl\SceneEffect.qml","141",
"qml_function","onIsGlowEnabledChanged",".venv\Lib\site-packages\PySide6\qml\QtQuick3D\Helpers\impl\SceneEffect.qml","637",
"qml_function","onLensFlareEnabledChanged",".venv\Lib\site-packages\PySide6\qml\QtQuick3D\Helpers\impl\SceneEffect.qml","638",
"qml_function","rebuildCommands",".venv\Lib\site-packages\PySide6\qml\QtQuick3D\Helpers\impl\SceneEffect.qml","686",
"qml_function","update",".venv\Lib\site-packages\PySide6\qml\QtQuick3D\Helpers\LodManager.qml","30",
"qml_function","onScenePositionChanged",".venv\Lib\site-packages\PySide6\qml\QtQuick3D\Helpers\LodManager.qml","76",
"qml_function","onZChanged",".venv\Lib\site-packages\PySide6\qml\QtQuick3D\Helpers\OrbitCameraController.qml","32",
"qml_function","mousePressed",".venv\Lib\site-packages\PySide6\qml\QtQuick3D\Helpers\OrbitCameraController.qml","135",
"qml_function","mouseReleased",".venv\Lib\site-packages\PySide6\qml\QtQuick3D\Helpers\OrbitCameraController.qml","142",
"qml_function","mouseMoved",".venv\Lib\site-packages\PySide6\qml\QtQuick3D\Helpers\OrbitCameraController.qml","146",
"qml_function","startPan",".venv\Lib\site-packages\PySide6\qml\QtQuick3D\Helpers\OrbitCameraController.qml","150",
"qml_function","endPan",".venv\Lib\site-packages\PySide6\qml\QtQuick3D\Helpers\OrbitCameraController.qml","156",
"qml_function","panEvent",".venv\Lib\site-packages\PySide6\qml\QtQuick3D\Helpers\OrbitCameraController.qml","160",
"qml_function","negate",".venv\Lib\site-packages\PySide6\qml\QtQuick3D\Helpers\OrbitCameraController.qml","181",
"qml_function","processInput",".venv\Lib\site-packages\PySide6\qml\QtQuick3D\Helpers\OrbitCameraController.qml","185",
"qml_function","mousePressed",".venv\Lib\site-packages\PySide6\qml\QtQuick3D\Helpers\WasdController.qml","66",
"qml_function","mouseReleased",".venv\Lib\site-packages\PySide6\qml\QtQuick3D\Helpers\WasdController.qml","73",
"qml_function","mouseMoved",".venv\Lib\site-packages\PySide6\qml\QtQuick3D\Helpers\WasdController.qml","77",
"qml_function","forwardPressed",".venv\Lib\site-packages\PySide6\qml\QtQuick3D\Helpers\WasdController.qml","81",
"qml_function","forwardReleased",".venv\Lib\site-packages\PySide6\qml\QtQuick3D\Helpers\WasdController.qml","86",
"qml_function","backPressed",".venv\Lib\site-packages\PySide6\qml\QtQuick3D\Helpers\WasdController.qml","90",
"qml_function","backReleased",".venv\Lib\site-packages\PySide6\qml\QtQuick3D\Helpers\WasdController.qml","95",
"qml_function","rightPressed",".venv\Lib\site-packages\PySide6\qml\QtQuick3D\Helpers\WasdController.qml","99",
"qml_function","rightReleased",".venv\Lib\site-packages\PySide6\qml\QtQuick3D\Helpers\WasdController.qml","104",
"qml_function","leftPressed",".venv\Lib\site-packages\PySide6\qml\QtQuick3D\Helpers\WasdController.qml","108",
"qml_function","leftReleased",".venv\Lib\site-packages\PySide6\qml\QtQuick3D\Helpers\WasdController.qml","113",
"qml_function","upPressed",".venv\Lib\site-packages\PySide6\qml\QtQuick3D\Helpers\WasdController.qml","117",
"qml_function","upReleased",".venv\Lib\site-packages\PySide6\qml\QtQuick3D\Helpers\WasdController.qml","122",
"qml_function","downPressed",".venv\Lib\site-packages\PySide6\qml\QtQuick3D\Helpers\WasdController.qml","126",
"qml_function","downReleased",".venv\Lib\site-packages\PySide6\qml\QtQuick3D\Helpers\WasdController.qml","131",
"qml_function","shiftPressed",".venv\Lib\site-packages\PySide6\qml\QtQuick3D\Helpers\WasdController.qml","135",
"qml_function","shiftReleased",".venv\Lib\site-packages\PySide6\qml\QtQuick3D\Helpers\WasdController.qml","139",
"qml_function","handleKeyPress",".venv\Lib\site-packages\PySide6\qml\QtQuick3D\Helpers\WasdController.qml","143",
"qml_function","handleKeyRelease",".venv\Lib\site-packages\PySide6\qml\QtQuick3D\Helpers\WasdController.qml","176",
"qml_function","updatePosition",".venv\Lib\site-packages\PySide6\qml\QtQuick3D\Helpers\WasdController.qml","230",
"qml_function","negate",".venv\Lib\site-packages\PySide6\qml\QtQuick3D\Helpers\WasdController.qml","246",
"qml_function","processInput",".venv\Lib\site-packages\PySide6\qml\QtQuick3D\Helpers\WasdController.qml","250",
"qml_function","clearText",".venv\Lib\site-packages\PySide6\qml\QtQuick3D\LightmapperOutputWindow.qml","16",
"qml_function","update",".venv\Lib\site-packages\PySide6\qml\QtQuick3D\LightmapperOutputWindow.qml","20",
"qml_function","formatDuration",".venv\Lib\site-packages\PySide6\qml\QtQuick3D\LightmapperOutputWindow.qml","38",
"qml_function","pos2DToPos3D",".venv\Lib\site-packages\PySide6\qml\QtQuick3D\lightmapviewer\ArcballController.qml","28",
"qml_function","mousePressed",".venv\Lib\site-packages\PySide6\qml\QtQuick3D\lightmapviewer\ArcballController.qml","43",
"qml_function","mouseReleased",".venv\Lib\site-packages\PySide6\qml\QtQuick3D\lightmapviewer\ArcballController.qml","48",
"qml_function","mouseMoved",".venv\Lib\site-packages\PySide6\qml\QtQuick3D\lightmapviewer\ArcballController.qml","52",
"qml_function","clamp",".venv\Lib\site-packages\PySide6\qml\QtQuick3D\lightmapviewer\ImageViewer.qml","15",
"qml_function","onSelectedEntryChanged",".venv\Lib\site-packages\PySide6\qml\QtQuick3D\lightmapviewer\ImageViewer.qml","41",
"qml_function","isImage",".venv\Lib\site-packages\PySide6\qml\QtQuick3D\lightmapviewer\LightmapViewer.qml","27",
"qml_function","isMesh",".venv\Lib\site-packages\PySide6\qml\QtQuick3D\lightmapviewer\LightmapViewer.qml","30",
"qml_function","indexForValue",".venv\Lib\site-packages\PySide6\qml\QtQuick3D\lightmapviewer\MeshViewer.qml","68",
"qml_function","updateBounds",".venv\Lib\site-packages\PySide6\qml\QtQuick3D\lightmapviewer\MeshViewer.qml","115",
"qml_function","resetCamera",".venv\Lib\site-packages\PySide6\qml\QtQuick3D\lightmapviewer\MeshViewer.qml","131",
"qml_function","refreshLightmapSelection",".venv\Lib\site-packages\PySide6\qml\QtQuick3D\lightmapviewer\MeshViewer.qml","137",
"qml_function","onSelectedEntryChanged",".venv\Lib\site-packages\PySide6\qml\QtQuick3D\lightmapviewer\MeshViewer.qml","164",
"qml_function","jumpToAxis",".venv\Lib\site-packages\PySide6\qml\QtQuick3D\lightmapviewer\MeshViewer.qml","219",
"qml_function","jumpToRotation",".venv\Lib\site-packages\PySide6\qml\QtQuick3D\lightmapviewer\MeshViewer.qml","227",
"qml_function","toNDC",".venv\Lib\site-packages\PySide6\qml\QtQuick3D\lightmapviewer\MeshViewer.qml","277",
"qml_function","findClosestRotation",".venv\Lib\site-packages\PySide6\qml\QtQuick3D\lightmapviewer\OriginGizmo.qml","140",
"qml_function","quaternionAlign",".venv\Lib\site-packages\PySide6\qml\QtQuick3D\lightmapviewer\OriginGizmo.qml","162",
"qml_function","quaternionForAxis",".venv\Lib\site-packages\PySide6\qml\QtQuick3D\lightmapviewer\OriginGizmo.qml","167",
"qml_function","quaternionRotateLeft",".venv\Lib\site-packages\PySide6\qml\QtQuick3D\lightmapviewer\OriginGizmo.qml","172",
"qml_function","quaternionRotateRight",".venv\Lib\site-packages\PySide6\qml\QtQuick3D\lightmapviewer\OriginGizmo.qml","179",
"qml_function","quaternionVectorMultiply",".venv\Lib\site-packages\PySide6\qml\QtQuick3D\lightmapviewer\OriginGizmo.qml","242",
"qml_function","saveAction",".venv\Lib\site-packages\PySide6\qml\QtQuick3D\MaterialEditor\main.qml","190",
"qml_function","openAction",".venv\Lib\site-packages\PySide6\qml\QtQuick3D\MaterialEditor\main.qml","198",
"qml_function","newAction",".venv\Lib\site-packages\PySide6\qml\QtQuick3D\MaterialEditor\main.qml","201",
"qml_function","saveAsAction",".venv\Lib\site-packages\PySide6\qml\QtQuick3D\MaterialEditor\main.qml","205",
"qml_function","quitAction",".venv\Lib\site-packages\PySide6\qml\QtQuick3D\MaterialEditor\main.qml","208",
"qml_function","aboutAction",".venv\Lib\site-packages\PySide6\qml\QtQuick3D\MaterialEditor\main.qml","211",
"qml_function","importFragmentShader",".venv\Lib\site-packages\PySide6\qml\QtQuick3D\MaterialEditor\main.qml","215",
"qml_function","importVertexShader",".venv\Lib\site-packages\PySide6\qml\QtQuick3D\MaterialEditor\main.qml","219",
"qml_function","exportMaterial",".venv\Lib\site-packages\PySide6\qml\QtQuick3D\MaterialEditor\main.qml","223",
"qml_function","outputLine",".venv\Lib\site-packages\PySide6\qml\QtQuick3D\MaterialEditor\main.qml","272",
"qml_function","printShaderStatusError",".venv\Lib\site-packages\PySide6\qml\QtQuick3D\MaterialEditor\main.qml","277",
"qml_function","doIfChangesSavedOrDiscarded",".venv\Lib\site-packages\PySide6\qml\QtQuick3D\MaterialEditor\SaveChangesDialog.qml","16",
"qml_function","disconnectSaveChangesSignals",".venv\Lib\site-packages\PySide6\qml\QtQuick3D\MaterialEditor\SaveChangesDialog.qml","24",
"qml_function","saveChanges",".venv\Lib\site-packages\PySide6\qml\QtQuick3D\MaterialEditor\SaveChangesDialog.qml","30",
"qml_function","disconnectSaveAsSignals",".venv\Lib\site-packages\PySide6\qml\QtQuick3D\MaterialEditor\SaveChangesDialog.qml","42",
"qml_function","saveAsSucceeded",".venv\Lib\site-packages\PySide6\qml\QtQuick3D\MaterialEditor\SaveChangesDialog.qml","48",
"qml_function","saveAsFailed",".venv\Lib\site-packages\PySide6\qml\QtQuick3D\MaterialEditor\SaveChangesDialog.qml","53",
"qml_function","saveAsDialogRejected",".venv\Lib\site-packages\PySide6\qml\QtQuick3D\MaterialEditor\SaveChangesDialog.qml","58",
"qml_function","discardChanges",".venv\Lib\site-packages\PySide6\qml\QtQuick3D\MaterialEditor\SaveChangesDialog.qml","71",
"qml_function","performAction",".venv\Lib\site-packages\PySide6\qml\QtQuick3D\MaterialEditor\SaveChangesDialog.qml","76",
"qml_function","cancel",".venv\Lib\site-packages\PySide6\qml\QtQuick3D\MaterialEditor\SaveChangesDialog.qml","81",
"qml_function","labelAt",".venv\Lib\site-packages\PySide6\qml\QtQuick3D\MaterialEditor\ShaderEditor.qml","48",
"qml_function","range",".venv\Lib\site-packages\PySide6\qml\QtQuick3D\MaterialEditor\ShaderEditor.qml","58",
"qml_function","insertUniform",".venv\Lib\site-packages\PySide6\qml\QtQuick3D\MaterialEditor\UniformManagerPane.qml","24",
"qml_function","convertValueToString",".venv\Lib\site-packages\PySide6\qml\QtQuick3D\MaterialEditor\UniformManagerPane.qml","112",
"qml_function","columnWidth",".venv\Lib\site-packages\PySide6\qml\QtQuick3D\MaterialEditor\UniformManagerPane.qml","141",
"qml_function","updateMinMax",".venv\Lib\site-packages\PySide6\qml\QtQuick3D\MaterialEditor\UniformManagerPane.qml","301",
"qml_function","run",".venv\Lib\site-packages\PySide6\qml\QtQuick3D\Xr\XrErrorDialog.qml","8",
"qml_function","run",".venv\Lib\site-packages\PySide6\qml\QtQuick3D\Xr\XrErrorDialog.qml","20",
"qml_function","test_click",".venv\Lib\site-packages\PySide6\qml\QtTest\SignalSpy.qml","29",
"qml_function","clear",".venv\Lib\site-packages\PySide6\qml\QtTest\SignalSpy.qml","118",
"qml_function","test_async_click",".venv\Lib\site-packages\PySide6\qml\QtTest\SignalSpy.qml","138",
"qml_function","wait",".venv\Lib\site-packages\PySide6\qml\QtTest\SignalSpy.qml","158",
"qml_function","qtest_update",".venv\Lib\site-packages\PySide6\qml\QtTest\SignalSpy.qml","199",
"qml_function","qtest_activated",".venv\Lib\site-packages\PySide6\qml\QtTest\SignalSpy.qml","232",
"qml_function","qtest_signalHandlerName",".venv\Lib\site-packages\PySide6\qml\QtTest\SignalSpy.qml","238",
"qml_function","qttest_signalFunc",".venv\Lib\site-packages\PySide6\qml\QtTest\SignalSpy.qml","243",
"qml_function","test_math",".venv\Lib\site-packages\PySide6\qml\QtTest\TestCase.qml","29",
"qml_function","test_fail",".venv\Lib\site-packages\PySide6\qml\QtTest\TestCase.qml","33",
"qml_function","init_data",".venv\Lib\site-packages\PySide6\qml\QtTest\TestCase.qml","81",
"qml_function","test_table_data",".venv\Lib\site-packages\PySide6\qml\QtTest\TestCase.qml","88",
"qml_function","test_table",".venv\Lib\site-packages\PySide6\qml\QtTest\TestCase.qml","95",
"qml_function","test_default_table",".venv\Lib\site-packages\PySide6\qml\QtTest\TestCase.qml","100",
"qml_function","benchmark_create_component",".venv\Lib\site-packages\PySide6\qml\QtTest\TestCase.qml","125",
"qml_function","test_key_click",".venv\Lib\site-packages\PySide6\qml\QtTest\TestCase.qml","157",
"qml_function","test_click",".venv\Lib\site-packages\PySide6\qml\QtTest\TestCase.qml","196",
"qml_function","test_click",".venv\Lib\site-packages\PySide6\qml\QtTest\TestCase.qml","223",
"qml_function","test_bar",".venv\Lib\site-packages\PySide6\qml\QtTest\TestCase.qml","395",
"qml_function","test_not_run",".venv\Lib\site-packages\PySide6\qml\QtTest\TestCase.qml","444",
"qml_function","test_click",".venv\Lib\site-packages\PySide6\qml\QtTest\TestCase.qml","470",
"qml_function","fail",".venv\Lib\site-packages\PySide6\qml\QtTest\TestCase.qml","505",
"qml_function","qtest_fail",".venv\Lib\site-packages\PySide6\qml\QtTest\TestCase.qml","513",
"qml_function","verify",".venv\Lib\site-packages\PySide6\qml\QtTest\TestCase.qml","527",
"qml_function","tryVerify",".venv\Lib\site-packages\PySide6\qml\QtTest\TestCase.qml","569",
"qml_function","isPolishScheduled",".venv\Lib\site-packages\PySide6\qml\QtTest\TestCase.qml","637",
"qml_function","waitForItemPolished",".venv\Lib\site-packages\PySide6\qml\QtTest\TestCase.qml","660",
"qml_function","waitForPolish",".venv\Lib\site-packages\PySide6\qml\QtTest\TestCase.qml","681",
"qml_function","createTemporaryQmlObject",".venv\Lib\site-packages\PySide6\qml\QtTest\TestCase.qml","722",
"qml_function","createTemporaryObject",".venv\Lib\site-packages\PySide6\qml\QtTest\TestCase.qml","766",
"qml_function","qtest_destroyTemporaryObjects",".venv\Lib\site-packages\PySide6\qml\QtTest\TestCase.qml","792",
"qml_function","qtest_typeof",".venv\Lib\site-packages\PySide6\qml\QtTest\TestCase.qml","807",
"qml_function","qtest_compareInternal",".venv\Lib\site-packages\PySide6\qml\QtTest\TestCase.qml","863",
"qml_function","qtest_compareInternalObjects",".venv\Lib\site-packages\PySide6\qml\QtTest\TestCase.qml","918",
"qml_function","qtest_compareInternalArrays",".venv\Lib\site-packages\PySide6\qml\QtTest\TestCase.qml","950",
"qml_function","compare",".venv\Lib\site-packages\PySide6\qml\QtTest\TestCase.qml","973",
"qml_function","fuzzyCompare",".venv\Lib\site-packages\PySide6\qml\QtTest\TestCase.qml","1002",
"qml_function","grabImage",".venv\Lib\site-packages\PySide6\qml\QtTest\TestCase.qml","1071",
"qml_function","findChild",".venv\Lib\site-packages\PySide6\qml\QtTest\TestCase.qml","1087",
"qml_function","qtest_findVisualChild",".venv\Lib\site-packages\PySide6\qml\QtTest\TestCase.qml","1098",
"qml_function","tryCompare",".venv\Lib\site-packages\PySide6\qml\QtTest\TestCase.qml","1143",
"qml_function","skip",".venv\Lib\site-packages\PySide6\qml\QtTest\TestCase.qml","1186",
"qml_function","expectFail",".venv\Lib\site-packages\PySide6\qml\QtTest\TestCase.qml","1206",
"qml_function","expectFailContinue",".venv\Lib\site-packages\PySide6\qml\QtTest\TestCase.qml","1232",
"qml_function","warn",".venv\Lib\site-packages\PySide6\qml\QtTest\TestCase.qml","1253",
"qml_function","ignoreWarning",".venv\Lib\site-packages\PySide6\qml\QtTest\TestCase.qml","1287",
"qml_function","init",".venv\Lib\site-packages\PySide6\qml\QtTest\TestCase.qml","1324",
"qml_function","failOnWarning",".venv\Lib\site-packages\PySide6\qml\QtTest\TestCase.qml","1339",
"qml_function","wait",".venv\Lib\site-packages\PySide6\qml\QtTest\TestCase.qml","1361",
"qml_function","waitForRendering",".venv\Lib\site-packages\PySide6\qml\QtTest\TestCase.qml","1374",
"qml_function","sleep",".venv\Lib\site-packages\PySide6\qml\QtTest\TestCase.qml","1389",
"qml_function","keyPress",".venv\Lib\site-packages\PySide6\qml\QtTest\TestCase.qml","1411",
"qml_function","keyRelease",".venv\Lib\site-packages\PySide6\qml\QtTest\TestCase.qml","1441",
"qml_function","keyClick",".venv\Lib\site-packages\PySide6\qml\QtTest\TestCase.qml","1471",
"qml_function","keySequence",".venv\Lib\site-packages\PySide6\qml\QtTest\TestCase.qml","1500",
"qml_function","mousePress",".venv\Lib\site-packages\PySide6\qml\QtTest\TestCase.qml","1521",
"qml_function","mouseRelease",".venv\Lib\site-packages\PySide6\qml\QtTest\TestCase.qml","1555",
"qml_function","mouseDrag",".venv\Lib\site-packages\PySide6\qml\QtTest\TestCase.qml","1588",
"qml_function","mouseClick",".venv\Lib\site-packages\PySide6\qml\QtTest\TestCase.qml","1643",
"qml_function","mouseDoubleClickSequence",".venv\Lib\site-packages\PySide6\qml\QtTest\TestCase.qml","1684",
"qml_function","mouseMove",".venv\Lib\site-packages\PySide6\qml\QtTest\TestCase.qml","1719",
"qml_function","mouseWheel",".venv\Lib\site-packages\PySide6\qml\QtTest\TestCase.qml","1753",
"qml_function","test_touch",".venv\Lib\site-packages\PySide6\qml\QtTest\TestCase.qml","1801",
"qml_function","touchEvent",".venv\Lib\site-packages\PySide6\qml\QtTest\TestCase.qml","1814",
"qml_function","initTestCase",".venv\Lib\site-packages\PySide6\qml\QtTest\TestCase.qml","1886",
"qml_function","cleanupTestCase",".venv\Lib\site-packages\PySide6\qml\QtTest\TestCase.qml","1898",
"qml_function","init",".venv\Lib\site-packages\PySide6\qml\QtTest\TestCase.qml","1910",
"qml_function","cleanup",".venv\Lib\site-packages\PySide6\qml\QtTest\TestCase.qml","1922",
"qml_function","qtest_verifyItem",".venv\Lib\site-packages\PySide6\qml\QtTest\TestCase.qml","1925",
"qml_function","qtest_runInternal",".venv\Lib\site-packages\PySide6\qml\QtTest\TestCase.qml","1942",
"qml_function","qtest_runFunction",".venv\Lib\site-packages\PySide6\qml\QtTest\TestCase.qml","1957",
"qml_function","qtest_runBenchmarkFunction",".venv\Lib\site-packages\PySide6\qml\QtTest\TestCase.qml","1974",
"qml_function","qtest_run",".venv\Lib\site-packages\PySide6\qml\QtTest\TestCase.qml","2010",
"qml_function","acceptDialog",".venv\Lib\site-packages\PySide6\qml\QtWebEngine\ControlsDelegates\AuthenticationDialog.qml","17",
"qml_function","setCurrentIndex",".venv\Lib\site-packages\PySide6\qml\QtWebEngine\ControlsDelegates\AutofillPopup.qml","18",
"qml_function","acceptDialog",".venv\Lib\site-packages\PySide6\qml\QtWebEngine\ControlsDelegates\PromptDialog.qml","19",
